,Energy,Intensity,k6a1,k6a2,k11,k12,k9a1,k9a2
0,0.874,0.019935475053505562,0.25,0.25,0.25,0.25,0.25,0.25
1,0.21300000000000002,0.060487665302621195,0.25,0.25,0.25,0.25,0.25,0.5
2,0.866,0.020152646727204765,0.25,0.25,0.25,0.25,0.25,0.75
3,0.867,0.019640785105559316,0.25,0.25,0.25,0.25,0.5,0.25
4,0.21999999999999997,0.060471176235897574,0.25,0.25,0.25,0.25,0.5,0.5
5,0.867,0.019673444990226514,0.25,0.25,0.25,0.25,0.5,0.75
6,0.866,0.020156833962807603,0.25,0.25,0.25,0.25,0.75,0.25
7,0.21300000000000002,0.060335285402093854,0.25,0.25,0.25,0.25,0.75,0.5
8,0.874,0.020001772527740925,0.25,0.25,0.25,0.25,0.75,0.75
9,0.755,0.034319353799670105,0.25,0.25,0.25,0.5,0.25,0.25
10,0.9610000000000001,0.14589411165198687,0.25,0.25,0.25,0.5,0.25,0.5
11,0.733,0.06984708692812074,0.25,0.25,0.25,0.5,0.25,0.75
12,0.591,0.06944456018857031,0.25,0.25,0.25,0.5,0.5,0.25
13,0.986,0.07081466291793195,0.25,0.25,0.25,0.5,0.5,0.5
14,0.591,0.06943192004212624,0.25,0.25,0.25,0.5,0.5,0.75
15,0.733,0.0694625127684163,0.25,0.25,0.25,0.5,0.75,0.25
16,0.9610000000000001,0.14605285525968617,0.25,0.25,0.25,0.5,0.75,0.5
17,0.755,0.034213306304435274,0.25,0.25,0.25,0.5,0.75,0.75
18,0.868,0.021994423373178768,0.25,0.25,0.25,0.75,0.25,0.25
19,0.21200000000000002,0.06320585464306996,0.25,0.25,0.25,0.75,0.25,0.5
20,0.864,0.021852031080837976,0.25,0.25,0.25,0.75,0.25,0.75
21,0.864,0.021111443870716354,0.25,0.25,0.25,0.75,0.5,0.25
22,0.22099999999999997,0.05855699163763722,0.25,0.25,0.25,0.75,0.5,0.5
23,0.864,0.021112003323912536,0.25,0.25,0.25,0.75,0.5,0.75
24,0.864,0.021796887788734946,0.25,0.25,0.25,0.75,0.75,0.25
25,0.21200000000000002,0.06310914354468779,0.25,0.25,0.25,0.75,0.75,0.5
26,0.868,0.021955036376495145,0.25,0.25,0.25,0.75,0.75,0.75
27,0.865,0.021093920983802694,0.25,0.25,0.5,0.25,0.25,0.25
28,0.21300000000000002,0.060719659911108864,0.25,0.25,0.5,0.25,0.25,0.5
29,0.868,0.019076913134783186,0.25,0.25,0.5,0.25,0.25,0.75
30,0.14900000000000002,0.017402657116270658,0.25,0.25,0.5,0.25,0.5,0.25
31,0.21500000000000002,0.0552185383422845,0.25,0.25,0.5,0.25,0.5,0.5
32,0.14900000000000002,0.017401344622278415,0.25,0.25,0.5,0.25,0.5,0.75
33,0.868,0.019099064746619644,0.25,0.25,0.5,0.25,0.75,0.25
34,0.21300000000000002,0.06071901301243283,0.25,0.25,0.5,0.25,0.75,0.5
35,0.865,0.021101841839509302,0.25,0.25,0.5,0.25,0.75,0.75
36,0.6,0.06768829471930446,0.25,0.25,0.5,0.5,0.25,0.25
37,0.9610000000000001,0.1441997366280152,0.25,0.25,0.5,0.5,0.25,0.5
38,0.734,0.0685879306196147,0.25,0.25,0.5,0.5,0.25,0.75
39,0.734,0.07057989932942509,0.25,0.25,0.5,0.5,0.5,0.25
40,0.969,0.13027541513257498,0.25,0.25,0.5,0.5,0.5,0.5
41,0.734,0.07060918481301803,0.25,0.25,0.5,0.5,0.5,0.75
42,0.734,0.06908231215113342,0.25,0.25,0.5,0.5,0.75,0.25
43,0.9610000000000001,0.1447563383963099,0.25,0.25,0.5,0.5,0.75,0.5
44,0.6,0.06712465291761412,0.25,0.25,0.5,0.5,0.75,0.75
45,0.865,0.021098624951920525,0.25,0.25,0.5,0.75,0.25,0.25
46,0.21300000000000002,0.06072117416138232,0.25,0.25,0.5,0.75,0.25,0.5
47,0.868,0.01908566719598453,0.25,0.25,0.5,0.75,0.25,0.75
48,0.14900000000000002,0.017402409595079202,0.25,0.25,0.5,0.75,0.5,0.25
49,0.21500000000000002,0.05617054614466388,0.25,0.25,0.5,0.75,0.5,0.5
50,0.14900000000000002,0.017403150205273256,0.25,0.25,0.5,0.75,0.5,0.75
51,0.868,0.01908410946397263,0.25,0.25,0.5,0.75,0.75,0.25
52,0.21300000000000002,0.06072859396235361,0.25,0.25,0.5,0.75,0.75,0.5
53,0.865,0.021092568559672564,0.25,0.25,0.5,0.75,0.75,0.75
54,0.868,0.021990323456212903,0.25,0.25,0.75,0.25,0.25,0.25
55,0.21200000000000002,0.06313829330640165,0.25,0.25,0.75,0.25,0.25,0.5
56,0.864,0.02184155309808642,0.25,0.25,0.75,0.25,0.25,0.75
57,0.864,0.02110935943633927,0.25,0.25,0.75,0.25,0.5,0.25
58,0.22099999999999997,0.05834011543173722,0.25,0.25,0.75,0.25,0.5,0.5
59,0.864,0.021111708617170596,0.25,0.25,0.75,0.25,0.5,0.75
60,0.864,0.021857692281416315,0.25,0.25,0.75,0.25,0.75,0.25
61,0.21200000000000002,0.06319446212317051,0.25,0.25,0.75,0.25,0.75,0.5
62,0.868,0.02192717759622148,0.25,0.25,0.75,0.25,0.75,0.75
63,0.755,0.03421339509444963,0.25,0.25,0.75,0.5,0.25,0.25
64,0.962,0.1455735776706671,0.25,0.25,0.75,0.5,0.25,0.5
65,0.733,0.0688907471877837,0.25,0.25,0.75,0.5,0.25,0.75
66,0.591,0.0694377007794325,0.25,0.25,0.75,0.5,0.5,0.25
67,0.986,0.07065083113503846,0.25,0.25,0.75,0.5,0.5,0.5
68,0.591,0.06944468956830552,0.25,0.25,0.75,0.5,0.5,0.75
69,0.733,0.06983799483065044,0.25,0.25,0.75,0.5,0.75,0.25
70,0.9610000000000001,0.14562135659213632,0.25,0.25,0.75,0.5,0.75,0.5
71,0.755,0.034338589775752215,0.25,0.25,0.75,0.5,0.75,0.75
72,0.873,0.020077596612408283,0.25,0.25,0.75,0.75,0.25,0.25
73,0.21300000000000002,0.06061457388488665,0.25,0.25,0.75,0.75,0.25,0.5
74,0.866,0.0201558613823589,0.25,0.25,0.75,0.75,0.25,0.75
75,0.867,0.01960301926232642,0.25,0.25,0.75,0.75,0.5,0.25
76,0.21999999999999997,0.06033323130853312,0.25,0.25,0.75,0.75,0.5,0.5
77,0.867,0.01964916642628039,0.25,0.25,0.75,0.75,0.5,0.75
78,0.866,0.020151471933840502,0.25,0.25,0.75,0.75,0.75,0.25
79,0.21300000000000002,0.060490044621320245,0.25,0.25,0.75,0.75,0.75,0.5
80,0.874,0.020032285343018062,0.25,0.25,0.75,0.75,0.75,0.75
81,0.185,0.07626126361265395,0.25,0.5,0.25,0.25,0.25,0.25
82,0.28600000000000003,0.18994922507512912,0.25,0.5,0.25,0.25,0.25,0.5
83,0.181,0.07232833402679602,0.25,0.5,0.25,0.25,0.25,0.75
84,0.184,0.07446117722707318,0.25,0.5,0.25,0.25,0.5,0.25
85,0.28700000000000003,0.22316398162745862,0.25,0.5,0.25,0.25,0.5,0.5
86,0.184,0.07446114171106745,0.25,0.5,0.25,0.25,0.5,0.75
87,0.181,0.0723447467341073,0.25,0.5,0.25,0.25,0.75,0.25
88,0.28600000000000003,0.18994903227395507,0.25,0.5,0.25,0.25,0.75,0.5
89,0.185,0.07606339379722751,0.25,0.5,0.25,0.25,0.75,0.75
90,0.123,0.004089913476946919,0.25,0.5,0.25,0.5,0.25,0.25
91,0.731,0.9900737203448043,0.25,0.5,0.25,0.5,0.25,0.5
92,0.122,0.0017105970458481524,0.25,0.5,0.25,0.5,0.25,0.75
93,0.122,0.001644894842700765,0.25,0.5,0.25,0.5,0.5,0.25
94,0.731,0.9968924661929038,0.25,0.5,0.25,0.5,0.5,0.5
95,0.122,0.0016448948604587676,0.25,0.5,0.25,0.5,0.5,0.75
96,0.122,0.0017105977434839796,0.25,0.5,0.25,0.5,0.75,0.25
97,0.731,0.9900737228816618,0.25,0.5,0.25,0.5,0.75,0.5
98,0.123,0.004089936587719229,0.25,0.5,0.25,0.5,0.75,0.75
99,0.186,0.0752473866745839,0.25,0.5,0.25,0.75,0.25,0.25
100,0.28800000000000003,0.20093048205866987,0.25,0.5,0.25,0.75,0.25,0.5
101,0.185,0.07599984247129338,0.25,0.5,0.25,0.75,0.25,0.75
102,0.185,0.07607989630929617,0.25,0.5,0.25,0.75,0.5,0.25
103,0.28,0.16053299514180872,0.25,0.5,0.25,0.75,0.5,0.5
104,0.185,0.07607989630929617,0.25,0.5,0.25,0.75,0.5,0.75
105,0.185,0.07599983942706431,0.25,0.5,0.25,0.75,0.75,0.25
106,0.28800000000000003,0.2009304716575539,0.25,0.5,0.25,0.75,0.75,0.5
107,0.186,0.0752479082524968,0.25,0.5,0.25,0.75,0.75,0.75
108,0.186,0.07442046675180412,0.25,0.5,0.5,0.25,0.25,0.25
109,0.28400000000000003,0.1868446086542191,0.25,0.5,0.5,0.25,0.25,0.5
110,0.185,0.07630660131609988,0.25,0.5,0.5,0.25,0.25,0.75
111,0.185,0.07648537696578142,0.25,0.5,0.5,0.25,0.5,0.25
112,0.28600000000000003,0.19922989706109392,0.25,0.5,0.5,0.25,0.5,0.5
113,0.185,0.07648537696578142,0.25,0.5,0.5,0.25,0.5,0.75
114,0.185,0.07630660080872838,0.25,0.5,0.5,0.25,0.75,0.25
115,0.28400000000000003,0.18684460890790486,0.25,0.5,0.5,0.25,0.75,0.5
116,0.186,0.07442049161300814,0.25,0.5,0.5,0.25,0.75,0.75
117,0.119,0.0075875906578708645,0.25,0.5,0.5,0.5,0.25,0.25
118,0.73,0.9846319148182293,0.25,0.5,0.5,0.5,0.25,0.5
119,0.122,0.001709961070880736,0.25,0.5,0.5,0.5,0.25,0.75
120,0.122,0.0017359789677867062,0.25,0.5,0.5,0.5,0.5,0.25
121,0.731,0.9990972237237248,0.25,0.5,0.5,0.5,0.5,0.5
122,0.122,0.001736600698298962,0.25,0.5,0.5,0.5,0.5,0.75
123,0.122,0.0017103220403419663,0.25,0.5,0.5,0.5,0.75,0.25
124,0.73,0.9846259430555492,0.25,0.5,0.5,0.5,0.75,0.5
125,0.119,0.0074623734746417794,0.25,0.5,0.5,0.5,0.75,0.75
126,0.186,0.07442048856877909,0.25,0.5,0.5,0.75,0.25,0.25
127,0.28400000000000003,0.1868446086542191,0.25,0.5,0.5,0.75,0.25,0.5
128,0.185,0.07630660030135686,0.25,0.5,0.5,0.75,0.25,0.75
129,0.185,0.07648537696578142,0.25,0.5,0.5,0.75,0.5,0.25
130,0.28600000000000003,0.19923012994461728,0.25,0.5,0.5,0.75,0.5,0.5
131,0.185,0.07648537696578142,0.25,0.5,0.5,0.75,0.5,0.75
132,0.185,0.07630660156978564,0.25,0.5,0.5,0.75,0.75,0.25
133,0.28400000000000003,0.18684460890790486,0.25,0.5,0.5,0.75,0.75,0.5
134,0.186,0.0744204713181477,0.25,0.5,0.5,0.75,0.75,0.75
135,0.186,0.0752473559786075,0.25,0.5,0.75,0.25,0.25,0.25
136,0.28800000000000003,0.20093048687869922,0.25,0.5,0.75,0.25,0.25,0.5
137,0.185,0.07599983968075008,0.25,0.5,0.75,0.25,0.25,0.75
138,0.185,0.07607989656298193,0.25,0.5,0.75,0.25,0.5,0.25
139,0.28,0.1605337529011598,0.25,0.5,0.75,0.25,0.5,0.5
140,0.185,0.07607989630929617,0.25,0.5,0.75,0.25,0.5,0.75
141,0.185,0.07599984145655037,0.25,0.5,0.75,0.25,0.75,0.25
142,0.28800000000000003,0.2009304665838388,0.25,0.5,0.75,0.25,0.75,0.5
143,0.186,0.07524806858189417,0.25,0.5,0.75,0.25,0.75,0.75
144,0.123,0.004089928596617936,0.25,0.5,0.75,0.5,0.25,0.25
145,0.731,0.9900737228816618,0.25,0.5,0.75,0.5,0.25,0.5
146,0.122,0.0017105977003574009,0.25,0.5,0.75,0.5,0.25,0.75
147,0.122,0.0016448948604587676,0.25,0.5,0.75,0.5,0.5,0.25
148,0.731,0.9968896528178776,0.25,0.5,0.75,0.5,0.5,0.5
149,0.122,0.0016448948452376223,0.25,0.5,0.75,0.5,0.5,0.75
150,0.122,0.0017105971980596055,0.25,0.5,0.75,0.5,0.75,0.25
151,0.731,0.9900737152710892,0.25,0.5,0.75,0.5,0.75,0.5
152,0.123,0.004089974792793978,0.25,0.5,0.75,0.5,0.75,0.75
153,0.185,0.07596360270009013,0.25,0.5,0.75,0.75,0.25,0.25
154,0.28600000000000003,0.18995023575917827,0.25,0.5,0.75,0.75,0.25,0.5
155,0.181,0.0724103866548649,0.25,0.5,0.75,0.75,0.25,0.75
156,0.184,0.07446116606489996,0.25,0.5,0.75,0.75,0.5,0.25
157,0.28700000000000003,0.22327601864337632,0.25,0.5,0.75,0.75,0.5,0.5
158,0.184,0.07446113536892357,0.25,0.5,0.75,0.75,0.5,0.75
159,0.181,0.07232187265060828,0.25,0.5,0.75,0.75,0.75,0.25
160,0.28600000000000003,0.18994859999342806,0.25,0.5,0.75,0.75,0.75,0.5
161,0.185,0.07612888023810316,0.25,0.5,0.75,0.75,0.75,0.75
162,0.866,0.021684894863401524,0.25,0.75,0.25,0.25,0.25,0.25
163,0.20800000000000002,0.05824043392684612,0.25,0.75,0.25,0.25,0.25,0.5
164,0.864,0.02143311926035503,0.25,0.75,0.25,0.25,0.25,0.75
165,0.865,0.02031809720279719,0.25,0.75,0.25,0.25,0.5,0.25
166,0.21100000000000002,0.05969437827622309,0.25,0.75,0.25,0.25,0.5,0.5
167,0.865,0.02031346515459099,0.25,0.75,0.25,0.25,0.5,0.75
168,0.864,0.02139426363385448,0.25,0.75,0.25,0.25,0.75,0.25
169,0.20800000000000002,0.05823225256123739,0.25,0.75,0.25,0.25,0.75,0.5
170,0.866,0.02168197907543572,0.25,0.75,0.25,0.25,0.75,0.75
171,0.588,0.06340992073306984,0.25,0.75,0.25,0.5,0.25,0.25
172,0.9630000000000001,0.13449354281089565,0.25,0.75,0.25,0.5,0.25,0.5
173,0.734,0.0696288872436353,0.25,0.75,0.25,0.5,0.25,0.75
174,0.733,0.06993758982869898,0.25,0.75,0.25,0.5,0.5,0.25
175,0.962,0.14727045352881465,0.25,0.75,0.25,0.5,0.5,0.5
176,0.733,0.0699365350033284,0.25,0.75,0.25,0.5,0.5,0.75
177,0.734,0.06962883092539761,0.25,0.75,0.25,0.5,0.75,0.25
178,0.9630000000000001,0.13449392613007194,0.25,0.75,0.25,0.5,0.75,0.5
179,0.588,0.06340589220327553,0.25,0.75,0.25,0.5,0.75,0.75
180,0.866,0.021312158797257164,0.25,0.75,0.25,0.75,0.25,0.25
181,0.20900000000000002,0.058928002742119776,0.25,0.75,0.25,0.75,0.25,0.5
182,0.865,0.020766699845972916,0.25,0.75,0.25,0.75,0.25,0.75
183,0.865,0.02051613016353287,0.25,0.75,0.25,0.75,0.5,0.25
184,0.21100000000000002,0.060218586910422346,0.25,0.75,0.25,0.75,0.5,0.5
185,0.865,0.02051612379602041,0.25,0.75,0.25,0.75,0.5,0.75
186,0.865,0.020766706264222525,0.25,0.75,0.25,0.75,0.75,0.25
187,0.20900000000000002,0.05892794261859577,0.25,0.75,0.25,0.75,0.75,0.5
188,0.866,0.02131491549888581,0.25,0.75,0.25,0.75,0.75,0.75
189,0.866,0.02137780538995013,0.25,0.75,0.5,0.25,0.25,0.25
190,0.21700000000000003,0.05221537389915191,0.25,0.75,0.5,0.25,0.25,0.5
191,0.865,0.021110864858348434,0.25,0.75,0.5,0.25,0.25,0.75
192,0.866,0.020167095297924122,0.25,0.75,0.5,0.25,0.5,0.25
193,0.21100000000000002,0.0595064483760612,0.25,0.75,0.5,0.25,0.5,0.5
194,0.866,0.020167094968132643,0.25,0.75,0.5,0.25,0.5,0.75
195,0.865,0.0211108667609916,0.25,0.75,0.5,0.25,0.75,0.25
196,0.21700000000000003,0.05221537592863795,0.25,0.75,0.5,0.25,0.75,0.5
197,0.866,0.021377015006610888,0.25,0.75,0.5,0.25,0.75,0.75
198,0.734,0.0697763469089384,0.25,0.75,0.5,0.5,0.25,0.25
199,0.962,0.14685837856480588,0.25,0.75,0.5,0.5,0.25,0.5
200,0.733,0.06990513276579315,0.25,0.75,0.5,0.5,0.25,0.75
201,0.733,0.06982829870739675,0.25,0.75,0.5,0.5,0.5,0.25
202,0.962,0.14667402766327992,0.25,0.75,0.5,0.5,0.5,0.5
203,0.733,0.06981289820624917,0.25,0.75,0.5,0.5,0.5,0.75
204,0.733,0.0699010339650446,0.25,0.75,0.5,0.5,0.75,0.25
205,0.962,0.14684454355845433,0.25,0.75,0.5,0.5,0.75,0.5
206,0.734,0.069831560091467,0.25,0.75,0.5,0.5,0.75,0.75
207,0.866,0.021377091340654658,0.25,0.75,0.5,0.75,0.25,0.25
208,0.21700000000000003,0.05221537516758068,0.25,0.75,0.5,0.75,0.25,0.5
209,0.865,0.02111086805478895,0.25,0.75,0.5,0.75,0.25,0.75
210,0.866,0.020167095069606945,0.25,0.75,0.5,0.75,0.5,0.25
211,0.21100000000000002,0.059501335085977186,0.25,0.75,0.5,0.75,0.5,0.5
212,0.866,0.020167095297924122,0.25,0.75,0.5,0.75,0.5,0.75
213,0.865,0.02111086818163183,0.25,0.75,0.5,0.75,0.75,0.25
214,0.21700000000000003,0.05221537313809465,0.25,0.75,0.5,0.75,0.75,0.5
215,0.866,0.021376867843504233,0.25,0.75,0.5,0.75,0.75,0.75
216,0.866,0.021295161521859934,0.25,0.75,0.75,0.25,0.25,0.25
217,0.20900000000000002,0.05892794084279547,0.25,0.75,0.75,0.25,0.25,0.5
218,0.865,0.020766700125027248,0.25,0.75,0.75,0.25,0.25,0.75
219,0.865,0.020516129985952838,0.25,0.75,0.75,0.25,0.5,0.25
220,0.21100000000000002,0.06021921529003826,0.25,0.75,0.75,0.25,0.5,0.5
221,0.865,0.020516130823115826,0.25,0.75,0.75,0.25,0.5,0.75
222,0.865,0.020766698552175566,0.25,0.75,0.75,0.25,0.75,0.25
223,0.20900000000000002,0.05892793069536526,0.25,0.75,0.75,0.25,0.75,0.5
224,0.866,0.021309625643516093,0.25,0.75,0.75,0.25,0.75,0.75
225,0.588,0.06341350861070719,0.25,0.75,0.75,0.5,0.25,0.25
226,0.9630000000000001,0.13449350374328936,0.25,0.75,0.75,0.5,0.25,0.5
227,0.734,0.0696289643641049,0.25,0.75,0.75,0.5,0.25,0.75
228,0.733,0.06993609409748568,0.25,0.75,0.75,0.5,0.5,0.25
229,0.962,0.14728335091261457,0.25,0.75,0.75,0.5,0.5,0.5
230,0.733,0.06993711797319412,0.25,0.75,0.75,0.5,0.5,0.75
231,0.734,0.06962892605755584,0.25,0.75,0.75,0.5,0.75,0.25
232,0.9630000000000001,0.13449377467967602,0.25,0.75,0.75,0.5,0.75,0.5
233,0.588,0.06340828953366319,0.25,0.75,0.75,0.5,0.75,0.75
234,0.866,0.021675332813069513,0.25,0.75,0.75,0.75,0.25,0.25
235,0.20800000000000002,0.058252102456847345,0.25,0.75,0.75,0.75,0.25,0.5
236,0.864,0.021455146287117057,0.25,0.75,0.75,0.75,0.25,0.75
237,0.865,0.0203151355738154,0.25,0.75,0.75,0.75,0.5,0.25
238,0.21100000000000002,0.059646979376015284,0.25,0.75,0.75,0.75,0.5,0.5
239,0.865,0.02032064923075845,0.25,0.75,0.75,0.75,0.5,0.75
240,0.864,0.02145502210793983,0.25,0.75,0.75,0.75,0.75,0.25
241,0.20800000000000002,0.05823427063142088,0.25,0.75,0.75,0.75,0.75,0.5
242,0.866,0.02167396024629041,0.25,0.75,0.75,0.75,0.75,0.75
243,0.866,0.022144778962853023,0.5,0.25,0.25,0.25,0.25,0.25
244,0.21400000000000002,0.06050862786395394,0.5,0.25,0.25,0.25,0.25,0.5
245,0.14700000000000002,0.018371910374821693,0.5,0.25,0.25,0.25,0.25,0.75
246,0.864,0.021813192070754397,0.5,0.25,0.25,0.25,0.5,0.25
247,0.20600000000000002,0.05749464651390072,0.5,0.25,0.25,0.25,0.5,0.5
248,0.864,0.021783753690756726,0.5,0.25,0.25,0.25,0.5,0.75
249,0.14700000000000002,0.018422484786471596,0.5,0.25,0.25,0.25,0.75,0.25
250,0.21400000000000002,0.060504336008345615,0.5,0.25,0.25,0.25,0.75,0.5
251,0.866,0.022145745835372238,0.5,0.25,0.25,0.25,0.75,0.75
252,0.592,0.07207166036066033,0.5,0.25,0.25,0.5,0.25,0.25
253,0.962,0.14341739385878693,0.5,0.25,0.25,0.5,0.25,0.5
254,0.732,0.0693091954990231,0.5,0.25,0.25,0.5,0.25,0.75
255,0.59,0.06814642125847462,0.5,0.25,0.25,0.5,0.5,0.25
256,0.964,0.13902507970609826,0.5,0.25,0.25,0.5,0.5,0.5
257,0.59,0.06814642125847462,0.5,0.25,0.25,0.5,0.5,0.75
258,0.732,0.06930943523206189,0.5,0.25,0.25,0.5,0.75,0.25
259,0.962,0.14334850701404708,0.5,0.25,0.25,0.5,0.75,0.5
260,0.592,0.07307981034280427,0.5,0.25,0.25,0.5,0.75,0.75
261,0.866,0.021862161945370544,0.5,0.25,0.25,0.75,0.25,0.25
262,0.21400000000000002,0.05993489418923163,0.5,0.25,0.25,0.75,0.25,0.5
263,0.865,0.02095718357526494,0.5,0.25,0.25,0.75,0.25,0.75
264,0.865,0.020645216714113387,0.5,0.25,0.25,0.75,0.5,0.25
265,0.20700000000000002,0.05940421276298566,0.5,0.25,0.25,0.75,0.5,0.5
266,0.865,0.02064521658727051,0.5,0.25,0.25,0.75,0.5,0.75
267,0.865,0.020956994477902932,0.5,0.25,0.25,0.75,0.75,0.25
268,0.21400000000000002,0.059934890383945304,0.5,0.25,0.25,0.75,0.75,0.5
269,0.866,0.021988752228118816,0.5,0.25,0.25,0.75,0.75,0.75
270,0.866,0.021716860156470685,0.5,0.25,0.5,0.25,0.25,0.25
271,0.21300000000000002,0.05892939496954491,0.5,0.25,0.5,0.25,0.25,0.5
272,0.865,0.021139441493203893,0.5,0.25,0.5,0.25,0.25,0.75
273,0.865,0.02091311183984374,0.5,0.25,0.5,0.25,0.5,0.25
274,0.20400000000000001,0.05558085994859043,0.5,0.25,0.5,0.25,0.5,0.5
275,0.865,0.02091311183984374,0.5,0.25,0.5,0.25,0.5,0.75
276,0.865,0.02113944146783532,0.5,0.25,0.5,0.25,0.75,0.25
277,0.21300000000000002,0.05892939496954491,0.5,0.25,0.5,0.25,0.75,0.5
278,0.866,0.021719044086400997,0.5,0.25,0.5,0.25,0.75,0.75
279,0.735,0.07066690720135244,0.5,0.25,0.5,0.5,0.25,0.25
280,0.962,0.1531197745253184,0.5,0.25,0.5,0.5,0.25,0.5
281,0.736,0.07264383868801683,0.5,0.25,0.5,0.5,0.25,0.75
282,0.733,0.07033323787899419,0.5,0.25,0.5,0.5,0.5,0.25
283,0.9630000000000001,0.14576723985415596,0.5,0.25,0.5,0.5,0.5,0.5
284,0.733,0.07036694916427426,0.5,0.25,0.5,0.5,0.5,0.75
285,0.736,0.07299889042163286,0.5,0.25,0.5,0.5,0.75,0.25
286,0.962,0.1528872786337782,0.5,0.25,0.5,0.5,0.75,0.5
287,0.735,0.07066195474803726,0.5,0.25,0.5,0.5,0.75,0.75
288,0.866,0.021713769908810958,0.5,0.25,0.5,0.75,0.25,0.25
289,0.21300000000000002,0.05892939496954491,0.5,0.25,0.5,0.75,0.25,0.5
290,0.865,0.02113944146783532,0.5,0.25,0.5,0.75,0.25,0.75
291,0.865,0.02091311183984374,0.5,0.25,0.5,0.75,0.5,0.25
292,0.20400000000000001,0.05558925491760513,0.5,0.25,0.5,0.75,0.5,0.5
293,0.865,0.02091311183984374,0.5,0.25,0.5,0.75,0.5,0.75
294,0.865,0.021139441493203893,0.5,0.25,0.5,0.75,0.75,0.25
295,0.21300000000000002,0.05892939496954491,0.5,0.25,0.5,0.75,0.75,0.5
296,0.866,0.021714371144051038,0.5,0.25,0.5,0.75,0.75,0.75
297,0.866,0.021895111843593214,0.5,0.25,0.75,0.25,0.25,0.25
298,0.21400000000000002,0.05993488708603048,0.5,0.25,0.75,0.25,0.25,0.5
299,0.865,0.020957242202042994,0.5,0.25,0.75,0.25,0.25,0.75
300,0.865,0.02064521658727051,0.5,0.25,0.75,0.25,0.5,0.25
301,0.20700000000000002,0.05938834446530527,0.5,0.25,0.75,0.25,0.5,0.5
302,0.865,0.02064521663800766,0.5,0.25,0.75,0.25,0.5,0.75
303,0.865,0.020957173808363358,0.5,0.25,0.75,0.25,0.75,0.25
304,0.21400000000000002,0.059934897487146456,0.5,0.25,0.75,0.25,0.75,0.5
305,0.866,0.02188899177622067,0.5,0.25,0.75,0.25,0.75,0.75
306,0.592,0.07280367415920695,0.5,0.25,0.75,0.5,0.25,0.25
307,0.962,0.14339805463260236,0.5,0.25,0.75,0.5,0.25,0.5
308,0.732,0.06930946668909553,0.5,0.25,0.75,0.5,0.25,0.75
309,0.59,0.06814642125847462,0.5,0.25,0.75,0.5,0.5,0.25
310,0.964,0.13942966180763822,0.5,0.25,0.75,0.5,0.5,0.5
311,0.59,0.06814642125847462,0.5,0.25,0.75,0.5,0.5,0.75
312,0.732,0.06930877463435504,0.5,0.25,0.75,0.5,0.75,0.25
313,0.962,0.14334537932236988,0.5,0.25,0.75,0.5,0.75,0.5
314,0.592,0.0721445016589539,0.5,0.25,0.75,0.5,0.75,0.75
315,0.866,0.02213518761181628,0.5,0.25,0.75,0.75,0.25,0.25
316,0.21400000000000002,0.06057466860820493,0.5,0.25,0.75,0.75,0.25,0.5
317,0.14800000000000002,0.01829316837122819,0.5,0.25,0.75,0.75,0.25,0.75
318,0.864,0.02180383096490917,0.5,0.25,0.75,0.75,0.5,0.25
319,0.20600000000000002,0.05749913979599875,0.5,0.25,0.75,0.75,0.5,0.5
320,0.864,0.02179024226205743,0.5,0.25,0.75,0.75,0.5,0.75
321,0.14700000000000002,0.018636643941826497,0.5,0.25,0.75,0.75,0.75,0.25
322,0.21400000000000002,0.06054174806142415,0.5,0.25,0.75,0.75,0.75,0.5
323,0.866,0.022143280314253534,0.5,0.25,0.75,0.75,0.75,0.75
324,0.194,0.0682217504529705,0.5,0.5,0.25,0.25,0.25,0.25
325,0.28700000000000003,0.18331431387804337,0.5,0.5,0.25,0.25,0.25,0.5
326,0.184,0.07739010992028734,0.5,0.5,0.25,0.25,0.25,0.75
327,0.183,0.07324571346988988,0.5,0.5,0.25,0.25,0.5,0.25
328,0.29400000000000004,0.17181388011725993,0.5,0.5,0.25,0.25,0.5,0.5
329,0.183,0.07317176863856073,0.5,0.5,0.25,0.25,0.5,0.75
330,0.184,0.0754731766368682,0.5,0.5,0.25,0.25,0.75,0.25
331,0.28600000000000003,0.17273088512017895,0.5,0.5,0.25,0.25,0.75,0.5
332,0.194,0.06808398614986383,0.5,0.5,0.25,0.25,0.75,0.75
333,0.09499999999999997,0.0009516280119719686,0.5,0.5,0.25,0.5,0.25,0.25
334,0.731,0.9974296610009176,0.5,0.5,0.25,0.5,0.25,0.5
335,0.122,0.0016041572991615982,0.5,0.5,0.25,0.5,0.25,0.75
336,0.121,0.0017389796669116688,0.5,0.5,0.25,0.5,0.5,0.25
337,0.755,0.47831190882292446,0.5,0.5,0.25,0.5,0.5,0.5
338,0.121,0.001738974506943406,0.5,0.5,0.25,0.5,0.5,0.75
339,0.122,0.0016048797150132786,0.5,0.5,0.25,0.5,0.75,0.25
340,0.731,0.9974332988546486,0.5,0.5,0.25,0.5,0.75,0.5
341,0.09399999999999997,0.0009568080112622067,0.5,0.5,0.25,0.5,0.75,0.75
342,0.184,0.07382518805325486,0.5,0.5,0.25,0.75,0.25,0.25
343,0.28900000000000003,0.19861640956008578,0.5,0.5,0.25,0.75,0.25,0.5
344,0.185,0.07643610155204159,0.5,0.5,0.25,0.75,0.25,0.75
345,0.185,0.07658598239419336,0.5,0.5,0.25,0.75,0.5,0.25
346,0.28700000000000003,0.2052441099932626,0.5,0.5,0.25,0.75,0.5,0.5
347,0.185,0.07658596768041956,0.5,0.5,0.25,0.75,0.5,0.75
348,0.185,0.07643708991174428,0.5,0.5,0.25,0.75,0.75,0.25
349,0.28900000000000003,0.1985957463479443,0.5,0.5,0.25,0.75,0.75,0.5
350,0.184,0.0741385036600931,0.5,0.5,0.25,0.75,0.75,0.75
351,0.184,0.08252345893698144,0.5,0.5,0.5,0.25,0.25,0.25
352,0.28800000000000003,0.19197400042681612,0.5,0.5,0.5,0.25,0.25,0.5
353,0.185,0.07664585299350372,0.5,0.5,0.5,0.25,0.25,0.75
354,0.185,0.07641725549096538,0.5,0.5,0.5,0.25,0.5,0.25
355,0.29000000000000004,0.1975374168160286,0.5,0.5,0.5,0.25,0.5,0.5
356,0.185,0.07641725675939416,0.5,0.5,0.5,0.25,0.5,0.75
357,0.185,0.0766458877484522,0.5,0.5,0.5,0.25,0.75,0.25
358,0.28800000000000003,0.19197376500643523,0.5,0.5,0.5,0.25,0.75,0.5
359,0.184,0.08390182116716449,0.5,0.5,0.5,0.25,0.75,0.75
360,0.14800000000000002,0.009641487992681552,0.5,0.5,0.5,0.5,0.25,0.25
361,0.731,1.0,0.5,0.5,0.5,0.5,0.25,0.5
362,0.123,0.001975356833812626,0.5,0.5,0.5,0.5,0.25,0.75
363,0.121,0.001678301707611332,0.5,0.5,0.5,0.5,0.5,0.25
364,0.739,0.9729573952963226,0.5,0.5,0.5,0.5,0.5,0.5
365,0.121,0.0016783017101481895,0.5,0.5,0.5,0.5,0.5,0.75
366,0.123,0.0019753568363494833,0.5,0.5,0.5,0.5,0.75,0.25
367,0.731,1.0,0.5,0.5,0.5,0.5,0.75,0.5
368,0.14700000000000002,0.009790479666260964,0.5,0.5,0.5,0.5,0.75,0.75
369,0.184,0.08388078808119175,0.5,0.5,0.5,0.75,0.25,0.25
370,0.28800000000000003,0.19197344713818382,0.5,0.5,0.5,0.75,0.25,0.5
371,0.185,0.07664585553036127,0.5,0.5,0.5,0.75,0.25,0.75
372,0.185,0.07641725625202264,0.5,0.5,0.5,0.75,0.5,0.25
373,0.29000000000000004,0.19687072811421724,0.5,0.5,0.5,0.75,0.5,0.5
374,0.185,0.07641725574465114,0.5,0.5,0.5,0.75,0.5,0.75
375,0.185,0.07664584893453162,0.5,0.5,0.5,0.75,0.75,0.25
376,0.28800000000000003,0.19197390580202942,0.5,0.5,0.5,0.75,0.75,0.5
377,0.185,0.08428378921310462,0.5,0.5,0.5,0.75,0.75,0.75
378,0.184,0.07398312595499526,0.5,0.5,0.75,0.25,0.25,0.25
379,0.28900000000000003,0.19861275876838116,0.5,0.5,0.75,0.25,0.25,0.5
380,0.185,0.07643633012290713,0.5,0.5,0.75,0.25,0.25,0.75
381,0.185,0.07658598036470732,0.5,0.5,0.75,0.25,0.5,0.25
382,0.28700000000000003,0.20560690726035974,0.5,0.5,0.75,0.25,0.5,0.5
383,0.185,0.07658603566820199,0.5,0.5,0.75,0.25,0.5,0.75
384,0.185,0.0764377494947081,0.5,0.5,0.75,0.25,0.75,0.25
385,0.28900000000000003,0.19864903786087645,0.5,0.5,0.75,0.25,0.75,0.5
386,0.184,0.0735567512323312,0.5,0.5,0.75,0.25,0.75,0.75
387,0.09699999999999998,0.0009506517987432464,0.5,0.5,0.75,0.5,0.25,0.25
388,0.731,0.997425713650565,0.5,0.5,0.75,0.5,0.25,0.5
389,0.122,0.0016050225020406547,0.5,0.5,0.75,0.5,0.25,0.75
390,0.121,0.0017389792254984546,0.5,0.5,0.75,0.5,0.5,0.25
391,0.755,0.4783196842913247,0.5,0.5,0.75,0.5,0.5,0.5
392,0.121,0.0017389793066778965,0.5,0.5,0.75,0.5,0.5,0.75
393,0.122,0.0016044895539321848,0.5,0.5,0.75,0.5,0.75,0.25
394,0.731,0.9974296229480542,0.5,0.5,0.75,0.5,0.75,0.5
395,0.09399999999999997,0.0009512579098235474,0.5,0.5,0.75,0.5,0.75,0.75
396,0.194,0.06841577566077522,0.5,0.5,0.75,0.75,0.25,0.25
397,0.28700000000000003,0.17946250487878934,0.5,0.5,0.75,0.75,0.25,0.5
398,0.185,0.0758821685578927,0.5,0.5,0.75,0.75,0.25,0.75
399,0.182,0.07317645142391797,0.5,0.5,0.75,0.75,0.5,0.25
400,0.29400000000000004,0.17241131184681455,0.5,0.5,0.75,0.75,0.5,0.5
401,0.183,0.07355308471210971,0.5,0.5,0.75,0.75,0.5,0.75
402,0.184,0.07877081240156311,0.5,0.5,0.75,0.75,0.75,0.25
403,0.28700000000000003,0.18433722684903178,0.5,0.5,0.75,0.75,0.75,0.5
404,0.194,0.06774835304607374,0.5,0.5,0.75,0.75,0.75,0.75
405,0.866,0.022146921567373794,0.5,0.75,0.25,0.25,0.25,0.25
406,0.21400000000000002,0.06057892215726421,0.5,0.75,0.25,0.25,0.25,0.5
407,0.14700000000000002,0.018308966397954343,0.5,0.75,0.25,0.25,0.25,0.75
408,0.864,0.021770766045565042,0.5,0.75,0.25,0.25,0.5,0.25
409,0.20600000000000002,0.05750232685014271,0.5,0.75,0.25,0.25,0.5,0.5
410,0.864,0.021769447184060337,0.5,0.75,0.25,0.25,0.5,0.75
411,0.14700000000000002,0.01860401264754392,0.5,0.75,0.25,0.25,0.75,0.25
412,0.21400000000000002,0.06047295254355626,0.5,0.75,0.25,0.25,0.75,0.5
413,0.866,0.022134851782613398,0.5,0.75,0.25,0.25,0.75,0.75
414,0.592,0.07315741230798199,0.5,0.75,0.25,0.5,0.25,0.25
415,0.962,0.1432957335274273,0.5,0.75,0.25,0.5,0.25,0.5
416,0.732,0.06930897707558778,0.5,0.75,0.25,0.5,0.25,0.75
417,0.59,0.06814642125847462,0.5,0.75,0.25,0.5,0.5,0.25
418,0.964,0.13957473073838328,0.5,0.75,0.25,0.5,0.5,0.5
419,0.59,0.06814642125847462,0.5,0.75,0.25,0.5,0.5,0.75
420,0.732,0.06930880152504511,0.5,0.75,0.25,0.5,0.75,0.25
421,0.962,0.14333096870303952,0.5,0.75,0.25,0.5,0.75,0.5
422,0.592,0.07301256408384404,0.5,0.75,0.25,0.5,0.75,0.75
423,0.866,0.02187848878005364,0.5,0.75,0.25,0.75,0.25,0.25
424,0.21400000000000002,0.0599348926671171,0.5,0.75,0.25,0.75,0.25,0.5
425,0.865,0.02095721713789037,0.5,0.75,0.25,0.75,0.25,0.75
426,0.865,0.020645216688744812,0.5,0.75,0.25,0.75,0.5,0.25
427,0.20700000000000002,0.05940032781932884,0.5,0.75,0.25,0.75,0.5,0.5
428,0.865,0.020645216561901932,0.5,0.75,0.25,0.75,0.5,0.75
429,0.865,0.020957453750594348,0.5,0.75,0.25,0.75,0.75,0.25
430,0.21400000000000002,0.059934890383945304,0.5,0.75,0.25,0.75,0.75,0.5
431,0.866,0.021949772752232526,0.5,0.75,0.25,0.75,0.75,0.75
432,0.866,0.02170742740976816,0.5,0.75,0.5,0.25,0.25,0.25
433,0.21300000000000002,0.05892939496954491,0.5,0.75,0.5,0.25,0.25,0.5
434,0.865,0.02113944146783532,0.5,0.75,0.5,0.25,0.25,0.75
435,0.865,0.02091311183984374,0.5,0.75,0.5,0.25,0.5,0.25
436,0.20400000000000001,0.05559330983071801,0.5,0.75,0.5,0.25,0.5,0.5
437,0.865,0.02091311183984374,0.5,0.75,0.5,0.25,0.5,0.75
438,0.865,0.021139441493203893,0.5,0.75,0.5,0.25,0.75,0.25
439,0.21300000000000002,0.05892939496954491,0.5,0.75,0.5,0.25,0.75,0.5
440,0.866,0.02171490890711515,0.5,0.75,0.5,0.25,0.75,0.75
441,0.735,0.07064701773076462,0.5,0.75,0.5,0.5,0.25,0.25
442,0.962,0.15331084759198857,0.5,0.75,0.5,0.5,0.25,0.5
443,0.736,0.07322613248118057,0.5,0.75,0.5,0.5,0.25,0.75
444,0.733,0.07035143374347953,0.5,0.75,0.5,0.5,0.5,0.25
445,0.9630000000000001,0.14576723528781238,0.5,0.75,0.5,0.5,0.5,0.5
446,0.733,0.070368202879277,0.5,0.75,0.5,0.5,0.5,0.75
447,0.736,0.07317224810463825,0.5,0.75,0.5,0.5,0.75,0.25
448,0.962,0.15336591617363665,0.5,0.75,0.5,0.5,0.75,0.5
449,0.735,0.07065169696452131,0.5,0.75,0.5,0.5,0.75,0.75
450,0.866,0.021720925166276616,0.5,0.75,0.5,0.75,0.25,0.25
451,0.21300000000000002,0.05892939496954491,0.5,0.75,0.5,0.75,0.25,0.5
452,0.865,0.021139441493203893,0.5,0.75,0.5,0.75,0.25,0.75
453,0.865,0.02091311183984374,0.5,0.75,0.5,0.75,0.5,0.25
454,0.20400000000000001,0.055588545612233295,0.5,0.75,0.5,0.75,0.5,0.5
455,0.865,0.02091311183984374,0.5,0.75,0.5,0.75,0.5,0.75
456,0.865,0.021139441442466742,0.5,0.75,0.5,0.75,0.75,0.25
457,0.21300000000000002,0.05892939496954491,0.5,0.75,0.5,0.75,0.75,0.5
458,0.866,0.021727881838533022,0.5,0.75,0.5,0.75,0.75,0.75
459,0.866,0.021779279866356114,0.5,0.75,0.75,0.25,0.25,0.25
460,0.21400000000000002,0.05993489241343134,0.5,0.75,0.75,0.25,0.25,0.5
461,0.865,0.020957158637955192,0.5,0.75,0.75,0.25,0.25,0.75
462,0.865,0.020645216612639083,0.5,0.75,0.75,0.25,0.5,0.25
463,0.20700000000000002,0.059400824028666234,0.5,0.75,0.75,0.25,0.5,0.5
464,0.865,0.020645216764850538,0.5,0.75,0.75,0.25,0.5,0.75
465,0.865,0.020957349993120426,0.5,0.75,0.75,0.25,0.75,0.25
466,0.21400000000000002,0.05993489418923163,0.5,0.75,0.75,0.25,0.75,0.5
467,0.866,0.021935074580098513,0.5,0.75,0.75,0.25,0.75,0.75
468,0.592,0.07286333090142558,0.5,0.75,0.75,0.5,0.25,0.25
469,0.962,0.14333207604136144,0.5,0.75,0.75,0.5,0.25,0.5
470,0.732,0.06930928505009473,0.5,0.75,0.75,0.5,0.25,0.75
471,0.59,0.06814642125847462,0.5,0.75,0.75,0.5,0.5,0.25
472,0.964,0.13967238199617463,0.5,0.75,0.75,0.5,0.5,0.5
473,0.59,0.06814642125847462,0.5,0.75,0.75,0.5,0.5,0.75
474,0.732,0.06930869979705723,0.5,0.75,0.75,0.5,0.75,0.25
475,0.962,0.1432851223596542,0.5,0.75,0.75,0.5,0.75,0.5
476,0.592,0.07226012046405082,0.5,0.75,0.75,0.5,0.75,0.75
477,0.866,0.022138305638066215,0.5,0.75,0.75,0.75,0.25,0.25
478,0.21400000000000002,0.060535278820978,0.5,0.75,0.75,0.75,0.25,0.5
479,0.14700000000000002,0.01862374191557723,0.5,0.75,0.75,0.75,0.25,0.75
480,0.864,0.021793841479448038,0.5,0.75,0.75,0.75,0.5,0.25
481,0.20600000000000002,0.057495540248816666,0.5,0.75,0.75,0.75,0.5,0.5
482,0.864,0.02177710583017026,0.5,0.75,0.75,0.75,0.5,0.75
483,0.14700000000000002,0.018263900442689506,0.5,0.75,0.75,0.75,0.75,0.25
484,0.21400000000000002,0.06051793686274503,0.5,0.75,0.75,0.75,0.75,0.5
485,0.866,0.022134838464111246,0.5,0.75,0.75,0.75,0.75,0.75
486,0.866,0.02167970115493307,0.75,0.25,0.25,0.25,0.25,0.25
487,0.20800000000000002,0.05823850997407786,0.75,0.25,0.25,0.25,0.25,0.5
488,0.864,0.021404709981992343,0.75,0.25,0.25,0.25,0.25,0.75
489,0.865,0.020314712223026936,0.75,0.25,0.25,0.25,0.5,0.25
490,0.21100000000000002,0.05969065366196365,0.75,0.25,0.25,0.25,0.5,0.5
491,0.865,0.020316977205556072,0.75,0.25,0.25,0.25,0.5,0.75
492,0.864,0.021439564070862945,0.75,0.25,0.25,0.25,0.75,0.25
493,0.20900000000000002,0.058246298634137376,0.75,0.25,0.25,0.25,0.75,0.5
494,0.866,0.021679970746785238,0.75,0.25,0.25,0.25,0.75,0.75
495,0.588,0.06340478055229576,0.75,0.25,0.25,0.5,0.25,0.25
496,0.9630000000000001,0.13449366204320065,0.75,0.25,0.25,0.5,0.25,0.5
497,0.734,0.06962885654765891,0.75,0.25,0.25,0.5,0.25,0.75
498,0.733,0.06993573690794218,0.75,0.25,0.25,0.5,0.5,0.25
499,0.962,0.14727967399127712,0.75,0.25,0.25,0.5,0.5,0.5
500,0.733,0.06993684018729204,0.75,0.25,0.25,0.5,0.5,0.75
501,0.734,0.06962896334936189,0.75,0.25,0.25,0.5,0.75,0.25
502,0.9630000000000001,0.134493570462643,0.75,0.25,0.25,0.5,0.75,0.5
503,0.588,0.06340497487558433,0.75,0.25,0.25,0.5,0.75,0.75
504,0.866,0.021299511649086257,0.75,0.25,0.25,0.75,0.25,0.25
505,0.20900000000000002,0.05892793247116555,0.75,0.25,0.25,0.75,0.25,0.5
506,0.865,0.020766706238853953,0.75,0.25,0.25,0.75,0.25,0.75
507,0.865,0.020516124480971946,0.75,0.25,0.25,0.75,0.5,0.25
508,0.21100000000000002,0.06022004763300142,0.75,0.25,0.25,0.75,0.5,0.5
509,0.865,0.020516132522810388,0.75,0.25,0.25,0.75,0.5,0.75
510,0.865,0.02076670182472181,0.75,0.25,0.25,0.75,0.75,0.25
511,0.20900000000000002,0.05892792689007893,0.75,0.25,0.25,0.75,0.75,0.5
512,0.866,0.021305330718310124,0.75,0.25,0.25,0.75,0.75,0.75
513,0.866,0.02137775587049069,0.75,0.25,0.5,0.25,0.25,0.25
514,0.21700000000000003,0.052215334324174086,0.75,0.25,0.5,0.25,0.25,0.5
515,0.865,0.021110863945079713,0.75,0.25,0.5,0.25,0.25,0.75
516,0.866,0.020167095069606945,0.75,0.25,0.5,0.25,0.5,0.25
517,0.21100000000000002,0.05950552952625548,0.75,0.25,0.5,0.25,0.5,0.5
518,0.866,0.02016709514571267,0.75,0.25,0.5,0.25,0.5,0.75
519,0.865,0.021110866532674417,0.75,0.25,0.5,0.25,0.75,0.25
520,0.21700000000000003,0.0522153784654955,0.75,0.25,0.5,0.25,0.75,0.5
521,0.866,0.021377374733011916,0.75,0.25,0.5,0.25,0.75,0.75
522,0.734,0.06983182113410923,0.75,0.25,0.5,0.5,0.25,0.25
523,0.962,0.1468500787279494,0.75,0.25,0.5,0.5,0.25,0.5
524,0.733,0.06990467587774783,0.75,0.25,0.5,0.5,0.25,0.75
525,0.733,0.0698410598619461,0.75,0.25,0.5,0.5,0.5,0.25
526,0.962,0.14667402766327992,0.75,0.25,0.5,0.5,0.5,0.5
527,0.733,0.0698309000011317,0.75,0.25,0.5,0.5,0.5,0.75
528,0.733,0.06990250661085418,0.75,0.25,0.5,0.5,0.75,0.25
529,0.962,0.14684498750852612,0.75,0.25,0.5,0.5,0.75,0.5
530,0.734,0.0698701071346148,0.75,0.25,0.5,0.5,0.75,0.75
531,0.866,0.021377252228160674,0.75,0.25,0.5,0.75,0.25,0.25
532,0.21700000000000003,0.05221537491389494,0.75,0.25,0.5,0.75,0.25,0.5
533,0.865,0.021110864046554018,0.75,0.25,0.5,0.75,0.25,0.75
534,0.866,0.02016709504423837,0.75,0.25,0.5,0.75,0.5,0.25
535,0.21100000000000002,0.05950493463315928,0.75,0.25,0.5,0.75,0.5,0.5
536,0.866,0.02016709519644982,0.75,0.25,0.5,0.75,0.5,0.75
537,0.865,0.021110863666025385,0.75,0.25,0.5,0.75,0.75,0.25
538,0.21700000000000003,0.05221536679595076,0.75,0.25,0.5,0.75,0.75,0.5
539,0.866,0.02137700726919535,0.75,0.25,0.5,0.75,0.75,0.75
540,0.866,0.02130740891201762,0.75,0.25,0.75,0.25,0.25,0.25
541,0.20900000000000002,0.05892793526170886,0.75,0.25,0.75,0.25,0.25,0.5
542,0.865,0.0207667072282284,0.75,0.25,0.75,0.25,0.25,0.75
543,0.865,0.020516120624948467,0.75,0.25,0.75,0.25,0.5,0.25
544,0.21100000000000002,0.06021921300686646,0.75,0.25,0.75,0.25,0.5,0.5
545,0.865,0.02051613280186472,0.75,0.25,0.75,0.25,0.5,0.75
546,0.865,0.020766706898436918,0.75,0.25,0.75,0.25,0.75,0.25
547,0.20900000000000002,0.0589279276511362,0.75,0.25,0.75,0.25,0.75,0.5
548,0.866,0.021314407391686503,0.75,0.25,0.75,0.25,0.75,0.75
549,0.588,0.06341433308941194,0.75,0.25,0.75,0.5,0.25,0.25
550,0.9630000000000001,0.13449378279762017,0.75,0.25,0.75,0.5,0.25,0.5
551,0.734,0.06962896309567612,0.75,0.25,0.75,0.5,0.25,0.75
552,0.733,0.06993628486917366,0.75,0.25,0.75,0.5,0.5,0.25
553,0.962,0.14726929722914195,0.75,0.25,0.75,0.5,0.5,0.5
554,0.733,0.06993682116086038,0.75,0.25,0.75,0.5,0.5,0.75
555,0.734,0.0696288882583783,0.75,0.25,0.75,0.5,0.75,0.25
556,0.9630000000000001,0.1344937325678406,0.75,0.25,0.75,0.5,0.75,0.5
557,0.588,0.06340630774054273,0.75,0.25,0.75,0.5,0.75,0.75
558,0.866,0.02168720903559861,0.75,0.25,0.75,0.75,0.25,0.25
559,0.20800000000000002,0.05834855783998817,0.75,0.25,0.75,0.75,0.25,0.5
560,0.864,0.021320515256774215,0.75,0.25,0.75,0.75,0.25,0.75
561,0.865,0.020319895276693672,0.75,0.25,0.75,0.75,0.5,0.25
562,0.21100000000000002,0.05966719762334195,0.75,0.25,0.75,0.75,0.5,0.5
563,0.865,0.02031388419272161,0.75,0.25,0.75,0.75,0.5,0.75
564,0.864,0.021470485751471917,0.75,0.25,0.75,0.75,0.75,0.25
565,0.20900000000000002,0.058257994054828656,0.75,0.25,0.75,0.75,0.75,0.5
566,0.866,0.02168178711142468,0.75,0.25,0.75,0.75,0.75,0.75
567,0.185,0.07615830677097607,0.75,0.5,0.25,0.25,0.25,0.25
568,0.28600000000000003,0.18994871440570366,0.75,0.5,0.25,0.25,0.25,0.5
569,0.181,0.07238211033320657,0.75,0.5,0.25,0.25,0.25,0.75
570,0.184,0.07446118255447405,0.75,0.5,0.25,0.25,0.5,0.25
571,0.28700000000000003,0.22325117849527365,0.75,0.5,0.25,0.25,0.5,0.5
572,0.184,0.07446114171106745,0.75,0.5,0.25,0.25,0.5,0.75
573,0.181,0.07236804802441825,0.75,0.5,0.25,0.25,0.75,0.25
574,0.28600000000000003,0.18995134817121526,0.75,0.5,0.25,0.25,0.75,0.5
575,0.185,0.07625906897718478,0.75,0.5,0.25,0.25,0.75,0.75
576,0.123,0.004089966827061261,0.75,0.5,0.25,0.5,0.25,0.25
577,0.731,0.9900737101973741,0.75,0.5,0.25,0.5,0.25,0.5
578,0.122,0.001710597347734201,0.75,0.5,0.25,0.5,0.25,0.75
579,0.122,0.0016448948782167706,0.75,0.5,0.25,0.5,0.5,0.25
580,0.731,0.9968929456589816,0.75,0.5,0.25,0.5,0.5,0.5
581,0.122,0.0016448948579219102,0.75,0.5,0.25,0.5,0.5,0.75
582,0.122,0.0017105977460208368,0.75,0.5,0.25,0.5,0.75,0.25
583,0.731,0.9900737076605166,0.75,0.5,0.25,0.5,0.75,0.5
584,0.123,0.00408996342767214,0.75,0.5,0.25,0.5,0.75,0.75
585,0.186,0.07524749981843076,0.75,0.5,0.25,0.75,0.25,0.25
586,0.28800000000000003,0.20093035191787736,0.75,0.5,0.25,0.75,0.25,0.5
587,0.185,0.07599983993443583,0.75,0.5,0.25,0.75,0.25,0.75
588,0.185,0.07607989656298193,0.75,0.5,0.25,0.75,0.5,0.25
589,0.28,0.16053219679273675,0.75,0.5,0.25,0.75,0.5,0.5
590,0.185,0.07607989630929617,0.75,0.5,0.25,0.75,0.5,0.75
591,0.185,0.07599984018812159,0.75,0.5,0.25,0.75,0.75,0.25
592,0.28800000000000003,0.20093039276128397,0.75,0.5,0.25,0.75,0.75,0.5
593,0.186,0.07524750539951738,0.75,0.5,0.25,0.75,0.75,0.75
594,0.186,0.07442049491092295,0.75,0.5,0.5,0.25,0.25,0.25
595,0.28400000000000003,0.18684460890790486,0.75,0.5,0.5,0.25,0.25,0.5
596,0.185,0.07630660106241412,0.75,0.5,0.5,0.25,0.25,0.75
597,0.185,0.07648537696578142,0.75,0.5,0.5,0.25,0.5,0.25
598,0.28600000000000003,0.1992307258524565,0.75,0.5,0.5,0.25,0.5,0.5
599,0.185,0.07648537696578142,0.75,0.5,0.5,0.25,0.5,0.75
600,0.185,0.07630660030135686,0.75,0.5,0.5,0.25,0.75,0.25
601,0.28400000000000003,0.18684460890790486,0.75,0.5,0.5,0.25,0.75,0.5
602,0.186,0.0744204850171785,0.75,0.5,0.5,0.25,0.75,0.75
603,0.119,0.007546126431485614,0.75,0.5,0.5,0.5,0.25,0.25
604,0.73,0.9846301263336542,0.75,0.5,0.5,0.5,0.25,0.5
605,0.122,0.001709964597112735,0.75,0.5,0.5,0.5,0.25,0.75
606,0.122,0.0017360266632455619,0.75,0.5,0.5,0.5,0.5,0.25
607,0.731,0.9990975154623435,0.75,0.5,0.5,0.5,0.5,0.5
608,0.122,0.0017362211996301638,0.75,0.5,0.5,0.5,0.5,0.75
609,0.122,0.0017099036998471729,0.75,0.5,0.5,0.5,0.75,0.25
610,0.73,0.98463087724349,0.75,0.5,0.5,0.5,0.75,0.5
611,0.12,0.007426023476977844,0.75,0.5,0.5,0.5,0.75,0.75
612,0.186,0.07442048907615059,0.75,0.5,0.5,0.75,0.25,0.25
613,0.28400000000000003,0.18684460890790486,0.75,0.5,0.5,0.75,0.25,0.5
614,0.185,0.07630660106241412,0.75,0.5,0.5,0.75,0.25,0.75
615,0.185,0.07648537696578142,0.75,0.5,0.5,0.75,0.5,0.25
616,0.28600000000000003,0.19923032959530673,0.75,0.5,0.5,0.75,0.5,0.5
617,0.185,0.07648537696578142,0.75,0.5,0.5,0.75,0.5,0.75
618,0.185,0.07630659979398534,0.75,0.5,0.5,0.75,0.75,0.25
619,0.28400000000000003,0.18684460890790486,0.75,0.5,0.5,0.75,0.75,0.5
620,0.186,0.07442049719409476,0.75,0.5,0.5,0.75,0.75,0.75
621,0.186,0.07524754294500915,0.75,0.5,0.75,0.25,0.25,0.25
622,0.28800000000000003,0.2009303483662768,0.75,0.5,0.75,0.25,0.25,0.5
623,0.185,0.07599984171023612,0.75,0.5,0.75,0.25,0.25,0.75
624,0.185,0.07607989630929617,0.75,0.5,0.75,0.25,0.5,0.25
625,0.28,0.16053468544999636,0.75,0.5,0.75,0.25,0.5,0.5
626,0.185,0.07607989656298193,0.75,0.5,0.75,0.25,0.5,0.75
627,0.185,0.07599984145655037,0.75,0.5,0.75,0.25,0.75,0.25
628,0.28800000000000003,0.20093047571652597,0.75,0.5,0.75,0.25,0.75,0.5
629,0.186,0.07524767815951676,0.75,0.5,0.75,0.25,0.75,0.75
630,0.123,0.00408989343577225,0.75,0.5,0.75,0.5,0.25,0.25
631,0.731,0.9900737228816618,0.75,0.5,0.75,0.5,0.25,0.5
632,0.122,0.0017105975887356684,0.75,0.5,0.75,0.5,0.25,0.75
633,0.122,0.001644894880753628,0.75,0.5,0.75,0.5,0.5,0.25
634,0.731,0.9968936331473784,0.75,0.5,0.75,0.5,0.5,0.5
635,0.122,0.0016448948706061979,0.75,0.5,0.75,0.5,0.5,0.75
636,0.122,0.0017105972132807506,0.75,0.5,0.75,0.5,0.75,0.25
637,0.731,0.990073705123659,0.75,0.5,0.75,0.5,0.75,0.5
638,0.123,0.004089939733422594,0.75,0.5,0.75,0.5,0.75,0.75
639,0.185,0.0761156360658757,0.75,0.5,0.75,0.75,0.25,0.25
640,0.28600000000000003,0.18995220258483916,0.75,0.5,0.75,0.75,0.25,0.5
641,0.181,0.07231891619681592,0.75,0.5,0.75,0.75,0.25,0.75
642,0.184,0.07446113714472385,0.75,0.5,0.75,0.75,0.5,0.25
643,0.28700000000000003,0.22318483687971685,0.75,0.5,0.75,0.75,0.5,0.5
644,0.184,0.07446119117978973,0.75,0.5,0.75,0.75,0.5,0.75
645,0.181,0.07232091346476746,0.75,0.5,0.75,0.75,0.75,0.25
646,0.28600000000000003,0.18994970733174996,0.75,0.5,0.75,0.75,0.75,0.5
647,0.185,0.07598922115609008,0.75,0.5,0.75,0.75,0.75,0.75
648,0.874,0.01989248353739904,0.75,0.75,0.25,0.25,0.25,0.25
649,0.21300000000000002,0.060608320784704024,0.75,0.75,0.25,0.25,0.25,0.5
650,0.866,0.020156123541218433,0.75,0.75,0.25,0.25,0.25,0.75
651,0.867,0.019701929968418585,0.75,0.75,0.25,0.25,0.5,0.25
652,0.21999999999999997,0.05991097771096405,0.75,0.75,0.25,0.25,0.5,0.5
653,0.867,0.01966929923224467,0.75,0.75,0.25,0.25,0.5,0.75
654,0.866,0.020160283328022548,0.75,0.75,0.25,0.25,0.75,0.25
655,0.21300000000000002,0.06051751878862028,0.75,0.75,0.25,0.25,0.75,0.5
656,0.873,0.020367519120060722,0.75,0.75,0.25,0.25,0.75,0.75
657,0.755,0.03429944834687973,0.75,0.75,0.25,0.5,0.25,0.25
658,0.962,0.1456147432581812,0.75,0.75,0.25,0.5,0.25,0.5
659,0.733,0.06953500702459663,0.75,0.75,0.25,0.5,0.25,0.75
660,0.591,0.06944624136407074,0.75,0.75,0.25,0.5,0.5,0.25
661,0.986,0.07071031156565713,0.75,0.75,0.25,0.5,0.5,0.5
662,0.591,0.06943084086292316,0.75,0.75,0.25,0.5,0.5,0.75
663,0.733,0.06915337181436745,0.75,0.75,0.25,0.5,0.75,0.25
664,0.9610000000000001,0.1455993797951539,0.75,0.75,0.25,0.5,0.75,0.5
665,0.755,0.03413119913392901,0.75,0.75,0.25,0.5,0.75,0.75
666,0.868,0.021960335948029285,0.75,0.75,0.25,0.75,0.25,0.25
667,0.21200000000000002,0.06312777853921557,0.75,0.75,0.25,0.75,0.25,0.5
668,0.864,0.02188118112160617,0.75,0.75,0.25,0.75,0.25,0.75
669,0.864,0.021110955956903165,0.75,0.75,0.25,0.75,0.5,0.25
670,0.22099999999999997,0.058620550066772505,0.75,0.75,0.25,0.75,0.5,0.5
671,0.864,0.021111312842023732,0.75,0.75,0.25,0.75,0.5,0.75
672,0.864,0.021788396038604586,0.75,0.75,0.25,0.75,0.75,0.25
673,0.21200000000000002,0.06300357526184473,0.75,0.75,0.25,0.75,0.75,0.5
674,0.868,0.021990566893063702,0.75,0.75,0.25,0.75,0.75,0.75
675,0.865,0.021100653803748617,0.75,0.75,0.5,0.25,0.25,0.25
676,0.21300000000000002,0.06072282717776391,0.75,0.75,0.5,0.25,0.25,0.5
677,0.868,0.019077706765300094,0.75,0.75,0.5,0.25,0.25,0.75
678,0.14900000000000002,0.017403042515670125,0.75,0.75,0.5,0.25,0.5,0.25
679,0.21500000000000002,0.054590131328320864,0.75,0.75,0.5,0.25,0.5,0.5
680,0.14900000000000002,0.017402158725235775,0.75,0.75,0.5,0.25,0.5,0.75
681,0.868,0.01909060300751414,0.75,0.75,0.5,0.25,0.75,0.25
682,0.21300000000000002,0.0607214364724533,0.75,0.75,0.5,0.25,0.75,0.5
683,0.865,0.02109585914297326,0.75,0.75,0.5,0.25,0.75,0.75
684,0.6,0.06731751852783133,0.75,0.75,0.5,0.5,0.25,0.25
685,0.9610000000000001,0.14393958518385994,0.75,0.75,0.5,0.5,0.25,0.5
686,0.734,0.06912879905105089,0.75,0.75,0.5,0.5,0.25,0.75
687,0.734,0.07057463408157363,0.75,0.75,0.5,0.5,0.5,0.25
688,0.969,0.13121135726975636,0.75,0.75,0.5,0.5,0.5,0.5
689,0.734,0.0705862188952756,0.75,0.75,0.5,0.5,0.5,0.75
690,0.734,0.06886571068690642,0.75,0.75,0.5,0.5,0.75,0.25
691,0.9610000000000001,0.14463238170149323,0.75,0.75,0.5,0.5,0.75,0.5
692,0.6,0.06763226517601525,0.75,0.75,0.5,0.5,0.75,0.75
693,0.865,0.021093029633532837,0.75,0.75,0.5,0.75,0.25,0.25
694,0.21300000000000002,0.060724851082719765,0.75,0.75,0.5,0.75,0.25,0.5
695,0.868,0.01909675823573237,0.75,0.75,0.5,0.75,0.25,0.75
696,0.14900000000000002,0.017402739335823956,0.75,0.75,0.5,0.75,0.5,0.25
697,0.21400000000000002,0.054925642916634154,0.75,0.75,0.5,0.75,0.5,0.5
698,0.14900000000000002,0.017403053018260395,0.75,0.75,0.5,0.75,0.5,0.75
699,0.868,0.019079833869621216,0.75,0.75,0.5,0.75,0.75,0.25
700,0.21300000000000002,0.06072291951937885,0.75,0.75,0.5,0.75,0.75,0.5
701,0.865,0.021096114756740312,0.75,0.75,0.5,0.75,0.75,0.75
702,0.868,0.02205241045723024,0.75,0.75,0.75,0.25,0.25,0.25
703,0.21200000000000002,0.06306998334306942,0.75,0.75,0.75,0.25,0.25,0.5
704,0.864,0.02191669867483263,0.75,0.75,0.75,0.25,0.25,0.75
705,0.864,0.02111118655725474,0.75,0.75,0.75,0.25,0.5,0.25
706,0.22099999999999997,0.05863626792879997,0.75,0.75,0.75,0.25,0.5,0.5
707,0.864,0.0211113385911279,0.75,0.75,0.75,0.25,0.5,0.75
708,0.864,0.021838309243701854,0.75,0.75,0.75,0.25,0.75,0.25
709,0.21200000000000002,0.06316756914993589,0.75,0.75,0.75,0.25,0.75,0.5
710,0.868,0.02195474255765334,0.75,0.75,0.75,0.25,0.75,0.75
711,0.755,0.03408554254748866,0.75,0.75,0.75,0.5,0.25,0.25
712,0.9610000000000001,0.1454572764508884,0.75,0.75,0.75,0.5,0.25,0.5
713,0.733,0.06918953700195864,0.75,0.75,0.75,0.5,0.25,0.75
714,0.591,0.06943279246743876,0.75,0.75,0.75,0.5,0.5,0.25
715,0.986,0.07099155698036638,0.75,0.75,0.75,0.5,0.5,0.5
716,0.591,0.0694311506132304,0.75,0.75,0.75,0.5,0.5,0.75
717,0.733,0.06995054327705084,0.75,0.75,0.75,0.5,0.75,0.25
718,0.962,0.14568708378079376,0.75,0.75,0.75,0.5,0.75,0.5
719,0.755,0.03378545969701889,0.75,0.75,0.75,0.5,0.75,0.75
720,0.874,0.020060208863896478,0.75,0.75,0.75,0.75,0.25,0.25
721,0.21300000000000002,0.06054952809616799,0.75,0.75,0.75,0.75,0.25,0.5
722,0.866,0.020155894031715606,0.75,0.75,0.75,0.75,0.25,0.75
723,0.867,0.019606127826097684,0.75,0.75,0.75,0.75,0.5,0.25
724,0.21999999999999997,0.06064386418850896,0.75,0.75,0.75,0.75,0.5,0.5
725,0.867,0.01968867311190337,0.75,0.75,0.75,0.75,0.5,0.75
726,0.866,0.020162395591726983,0.75,0.75,0.75,0.75,0.75,0.25
727,0.21300000000000002,0.060401713270807456,0.75,0.75,0.75,0.75,0.75,0.5
728,0.873,0.020197404073748267,0.75,0.75,0.75,0.75,0.75,0.75
